src_OBJECT,nbr_OBJECT,LENGTH,NODE_COUNT
1,2,0.22801880309,0
1,112,0.25805236235,0
1,395,0.14741229177,0
2,1,0.22801880309,0
2,3,0.69392621605,0
2,6,0.66303546447,0
2,7,1.09770323778,0
2,67,1.32734634241,0
2,68,0.14858855682,0
2,112,0.70383542166,0
3,2,0.69392621605,0
3,67,1.20135960847,0
6,2,0.66303546447,0
6,7,3.43747748632,0
6,112,0.21810313382,0
6,307,2.65213807606,0
7,2,1.09770323778,0
7,6,3.43747748632,0
7,67,2.29204570819,0
7,169,0.50672455258,0
7,307,0.77701391617,0
8,326,3.29165836460,0
8,328,0.56811377749,0
8,329,6.66954164693,0
8,332,2.92505739126,0
8,340,5.83569416161,0
8,342,3.14812692849,0
9,297,0.11331760431,0
9,326,0.32814784160,0
9,328,17.51451021360,0
9,329,22.94345838670,0
10,11,10.40949214420,0
10,94,4.85433709839,0
10,167,2.03272467407,0
10,168,3.16459117365,0
10,212,2.30700765349,0
10,419,5.88394600032,0
11,10,10.40949214420,0
11,137,0.42052527479,0
11,168,0.87117425256,0
11,201,7.63351460233,0
11,202,3.09926719733,0
11,212,4.35214633598,0
11,375,0.65612302996,0
12,13,3.83645779841,0
12,134,9.78039504743,0
12,409,0.38765724539,0
12,413,0.36763843351,0
13,12,3.83645779841,0
13,17,3.15770663711,0
13,23,0.05710766176,0
13,89,3.24294071945,0
13,92,0.61477504381,0
13,134,0.20137506784,0
14,15,1.46591282642,0
14,18,1.61851721110,0
14,116,0.27107524188,0
14,117,4.97390725276,0
14,134,4.01087981390,0
15,14,1.46591282642,0
15,16,0.84311243768,0
15,18,0.56512555444,0
15,134,0.27498236782,0
16,15,0.84311243768,0
16,17,1.51565631057,0
16,18,3.13290587931,0
16,134,1.62958439722,0
17,13,3.15770663711,0
17,16,1.51565631057,0
17,18,2.19185138240,0
17,21,3.39045713671,0
17,22,4.21899643683,0
17,23,0.26543687040,0
17,134,0.41581479358,0
18,14,1.61851721110,0
18,15,0.56512555444,0
18,16,3.13290587931,0
18,17,2.19185138240,0
18,19,0.38680338068,0
18,20,2.51189766216,0
18,21,2.75653798278,0
18,24,2.45132094848,0
18,116,2.77142305795,0
18,118,1.40962719115,0
19,18,0.38680338068,0
19,24,7.48377612792,0
19,26,1.07572738341,0
19,118,1.76468318406,0
20,18,2.51189766216,0
20,21,1.06283695963,0
20,22,2.27049473365,0
20,24,1.90796582812,0
21,17,3.39045713671,0
21,18,2.75653798278,0
21,20,1.06283695963,0
21,22,7.71899086465,0
21,24,0.09464634598,0
21,26,2.22665012642,0
21,31,2.16791452050,0
22,17,4.21899643683,0
22,20,2.27049473365,0
22,21,7.71899086465,0
22,23,4.54083584290,0
22,24,0.03197710361,0
22,27,4.11752459318,0
22,28,1.23992428934,0
22,31,0.41289922655,0
22,32,0.16449686219,0
23,13,0.05710766176,0
23,17,0.26543687040,0
23,22,4.54083584290,0
23,25,1.52274505190,0
23,28,1.13300238245,0
23,89,6.21508659657,0
24,18,2.45132094848,0
24,19,7.48377612792,0
24,20,1.90796582812,0
24,21,0.09464634598,0
24,22,0.03197710361,0
24,26,5.11237201169,0
25,23,1.52274505190,0
25,28,0.93512807259,0
25,29,5.39205295662,0
25,89,1.34694841611,0
25,90,9.04063808550,0
25,91,0.14839172793,0
25,344,0.02621839097,0
26,19,1.07572738341,0
26,21,2.22665012642,0
26,24,5.11237201169,0
26,31,0.09400045591,0
26,34,2.53043066105,0
26,35,5.26693552067,0
26,118,3.50735945860,0
27,22,4.11752459318,0
27,31,0.09518186848,0
27,32,4.48691484273,0
28,22,1.23992428934,0
28,23,1.13300238245,0
28,25,0.93512807259,0
28,29,1.09865355564,0
28,30,0.82432585454,0
28,32,1.58731464316,0
28,33,0.10009516041,0
29,25,5.39205295662,0
29,28,1.09865355564,0
29,30,3.06273964954,0
29,33,1.15133135978,0
29,38,3.68024663263,0
29,344,3.47484823595,0
29,348,0.62262074857,0
30,28,0.82432585454,0
30,29,3.06273964954,0
30,33,1.53406570072,0
31,21,2.16791452050,0
31,22,0.41289922655,0
31,26,0.09400045591,0
31,27,0.09518186848,0
31,32,1.65641279940,0
31,34,1.40621685452,0
31,35,7.56633638153,0
32,22,0.16449686219,0
32,27,4.48691484273,0
32,28,1.58731464316,0
32,31,1.65641279940,0
32,33,3.15559328169,0
32,35,4.00101425258,0
33,28,0.10009516041,0
33,29,1.15133135978,0
33,30,1.53406570072,0
33,32,3.15559328169,0
33,35,0.78289155158,0
33,38,7.71749627109,0
33,42,1.36188630833,0
33,348,0.06614788309,0
33,349,1.57465315597,0
34,26,2.53043066105,0
34,31,1.40621685452,0
34,35,2.45309151443,0
35,26,5.26693552067,0
35,31,7.56633638153,0
35,32,4.00101425258,0
35,33,0.78289155158,0
35,34,2.45309151443,0
35,36,1.95508501032,0
35,37,10.84527168290,0
35,38,3.74534591234,0
35,118,1.10479445095,0
36,35,1.95508501032,0
36,37,2.03566943119,0
36,38,3.37950681546,0
37,35,10.84527168290,0
37,36,2.03566943119,0
37,38,0.42238506400,0
37,39,2.57983050901,0
37,40,1.62883673099,0
37,41,1.09851709422,0
37,42,0.65316317073,0
37,118,1.84214065605,0
37,227,4.40881878064,0
37,231,0.43786981768,0
37,232,7.51016792802,0
37,233,0.46148922696,0
37,234,7.35146407233,0
38,29,3.68024663263,0
38,33,7.71749627109,0
38,35,3.74534591234,0
38,36,3.37950681546,0
38,37,0.42238506400,0
38,39,0.89145984964,0
38,42,2.81127642153,0
39,37,2.57983050901,0
39,38,0.89145984964,0
40,37,1.62883673099,0
40,41,4.00129362124,0
40,44,0.06739126455,0
40,45,1.92220463879,0
40,123,0.44052998205,0
40,231,1.14784954865,0
41,37,1.09851709422,0
41,40,4.00129362124,0
41,42,0.04395874201,0
41,43,1.32783404595,0
41,44,1.15871598294,0
42,33,1.36188630833,0
42,37,0.65316317073,0
42,38,2.81127642153,0
42,41,0.04395874201,0
42,43,4.13627401567,0
42,249,1.27442668706,0
42,271,0.09134959718,0
42,277,0.10631092981,0
42,345,0.94611558874,0
42,349,1.26447667771,0
42,353,1.36971330716,0
42,354,0.16785912382,0
43,41,1.32783404595,0
43,42,4.13627401567,0
43,44,5.05686001411,0
43,46,0.50411544706,0
43,124,0.06298013295,0
43,249,4.54469521049,0
44,40,0.06739126455,0
44,41,1.15871598294,0
44,43,5.05686001411,0
44,45,1.71080988103,0
44,124,2.95827614640,0
45,40,1.92220463879,0
45,44,1.71080988103,0
45,123,3.25884677426,0
45,124,3.33546836048,0
46,43,0.50411544706,0
46,47,2.66491893942,0
46,50,0.30149761996,0
46,124,0.66231490761,0
46,249,0.74243625879,0
46,250,1.00041076726,0
46,251,0.37345237953,0
46,252,1.49171652832,0
47,46,2.66491893942,0
47,50,0.05751604656,0
47,124,2.68571581407,0
48,49,1.96608684569,0
48,50,0.16641844850,0
48,124,2.02554874497,0
49,48,1.96608684569,0
49,50,2.30286860923,0
49,51,3.53818549218,0
49,52,1.86861007593,0
49,124,1.72880360747,0
49,125,0.47062190802,0
49,297,0.38237066587,0
49,377,0.82972325477,0
50,46,0.30149761996,0
50,47,0.05751604656,0
50,48,0.16641844850,0
50,49,2.30286860923,0
50,51,2.21201310368,0
50,124,0.01835426386,0
50,251,0.61284222609,0
50,252,2.03085766257,0
51,49,3.53818549218,0
51,50,2.21201310368,0
51,252,0.10485973775,0
51,377,1.07817780375,0
51,378,0.58216952208,0
52,49,1.86861007593,0
52,297,2.47896741375,0
53,122,2.61890674505,0
53,123,2.63678326900,0
53,124,0.49998106875,0
54,155,3.04337874153,0
54,396,1.83342080157,0
54,397,0.08974709510,0
54,398,0.28118320229,0
55,58,9.76124812630,0
55,59,2.15435402793,0
55,60,0.19732865671,0
55,150,1.52608327239,0
55,219,0.81532889534,0
55,362,0.82806606113,0
56,58,2.69902455795,0
56,86,0.36567623522,0
56,244,1.66182848447,0
56,362,0.13016071700,0
57,58,3.08258368306,0
57,127,0.09640203362,0
57,128,0.11196574592,0
57,246,0.34906263104,0
58,55,9.76124812630,0
58,56,2.69902455795,0
58,57,3.08258368306,0
58,60,2.47018784533,0
58,128,1.82560130155,0
58,213,1.19535296510,0
58,219,0.37357172032,0
58,244,0.75863874143,0
58,246,1.11631860599,0
58,362,5.26452749528,0
59,55,2.15435402793,0
59,60,2.18774433390,0
59,150,3.84968347107,0
60,55,0.19732865671,0
60,58,2.47018784533,0
60,59,2.18774433390,0
60,150,0.31872555551,0
60,152,2.00342163917,0
60,153,0.84158217607,0
60,362,0.78021704429,0
60,365,0.10736618607,0
61,62,4.25053958863,0
61,174,2.48531083584,0
61,390,4.93029317945,0
61,391,0.89264635522,0
61,392,0.59454042186,0
62,61,4.25053958863,0
62,63,1.41219962938,0
62,64,1.81283187853,0
62,174,2.86378806847,0
62,177,0.19210686772,0
62,208,0.09890132580,0
62,210,3.35385269092,0
62,359,1.28447295488,0
62,392,0.80224617320,0
63,62,1.41219962938,0
63,174,0.74863299154,0
63,208,2.16503731743,0
64,62,1.81283187853,0
64,75,0.87509884990,0
64,359,0.26647782171,0
64,392,0.84303699308,0
65,66,2.41478525732,0
65,156,2.49341328225,0
65,310,1.19547087448,0
65,311,1.25248493286,0
66,65,2.41478525732,0
66,156,0.88576234396,0
66,158,3.92595150519,0
66,248,0.73157490415,0
66,418,3.62723188993,0
67,2,1.32734634241,0
67,3,1.20135960847,0
67,7,2.29204570819,0
67,68,3.34609844880,0
67,169,2.16407566523,0
67,179,0.21270769440,0
68,2,0.14858855682,0
68,67,3.34609844880,0
69,70,4.34441298069,0
69,71,2.47191230084,0
69,295,4.50541409385,0
69,296,2.65635299493,0
69,401,1.72252326544,0
70,69,4.34441298069,0
70,71,0.29605779435,0
70,113,1.47658029775,0
70,303,4.95727708035,0
70,304,2.16948201924,0
70,401,0.83017199131,0
71,69,2.47191230084,0
71,70,0.29605779435,0
71,113,3.13582360331,0
71,295,1.43227626033,0
72,146,2.98429118270,0
72,171,2.36912938504,0
72,172,3.50342284811,0
72,174,6.51515917602,0
72,192,3.22333437423,0
72,194,4.94118996770,0
73,194,3.66176301083,0
74,146,1.10462953514,0
74,147,0.79774466197,0
74,194,1.40355756286,0
74,195,3.57701107803,0
74,363,0.98241640053,0
75,64,0.87509884990,0
75,76,0.52746380097,0
75,222,5.05584179204,0
75,359,4.95891541151,0
75,392,1.02778753939,0
76,75,0.52746380097,0
76,77,3.40341205112,0
76,78,9.87473705577,0
76,79,23.69394320640,0
76,80,4.96047891488,0
76,81,12.15921216460,0
76,82,8.91362226959,0
76,83,3.52938859164,0
76,84,1.57141713763,0
76,85,5.05428859808,0
76,86,1.92796425316,0
76,222,0.55775318112,0
76,223,3.40999431877,0
76,240,0.57471834716,0
76,359,6.64546008386,0
76,360,5.33780477416,0
76,362,13.24589916020,0
77,76,3.40341205112,0
77,79,10.94532264270,0
77,81,1.08717552001,0
77,224,0.76541508966,0
77,226,6.67410949976,0
77,227,3.95590731026,0
78,76,9.87473705577,0
78,79,1.96415882810,0
78,222,1.16360631368,0
78,223,3.50226994880,0
78,359,3.46791489756,0
78,360,4.02685907446,0
79,76,23.69394320640,0
79,77,10.94532264270,0
79,78,1.96415882810,0
79,80,0.01066916753,0
79,81,3.69778635943,0
79,82,0.32834609295,0
79,85,1.07426951648,0
79,223,5.19010164768,0
79,224,0.51808354320,0
79,227,0.55942812271,0
79,239,3.29065965453,0
79,240,4.14042485133,0
79,360,3.38752990235,0
79,362,0.10260365579,0
80,76,4.96047891488,0
80,79,0.01066916753,0
80,81,1.04965447588,0
80,360,0.58599828890,0
80,362,17.49213407500,0
80,365,0.66160138711,0
81,76,12.15921216460,0
81,77,1.08717552001,0
81,79,3.69778635943,0
81,80,1.04965447588,0
82,76,8.91362226959,0
82,79,0.32834609295,0
82,84,4.41782112764,0
82,240,4.50579849186,0
83,76,3.52938859164,0
83,362,0.02123739986,0
84,76,1.57141713763,0
84,82,4.41782112764,0
84,85,3.66648816426,0
84,86,0.84638297790,0
84,240,0.77439679490,0
84,241,1.06462872674,0
85,76,5.05428859808,0
85,79,1.07426951648,0
85,84,3.66648816426,0
85,241,7.03540479692,0
85,362,3.23878279897,0
86,56,0.36567623522,0
86,76,1.92796425316,0
86,84,0.84638297790,0
86,241,0.17601602131,0
86,244,2.54970004239,0
86,362,0.67684375920,0
87,88,2.16973192915,0
87,92,0.16003478228,0
88,87,2.16973192915,0
88,89,9.61136192874,0
88,92,0.39976345752,0
89,13,3.24294071945,0
89,23,6.21508659657,0
89,25,1.34694841611,0
89,88,9.61136192874,0
89,92,1.76983229060,0
90,25,9.04063808550,0
90,91,4.07017329706,0
91,25,0.14839172793,0
91,90,4.07017329706,0
92,13,0.61477504381,0
92,87,0.16003478228,0
92,88,0.39976345752,0
92,89,1.76983229060,0
93,95,3.01737132454,0
93,211,6.46486025177,0
93,301,5.00899146462,0
94,10,4.85433709839,0
94,95,13.13547859560,0
94,211,0.39411335445,0
94,212,4.91214961725,0
94,247,2.32189938734,0
94,419,2.73541858255,0
95,93,3.01737132454,0
95,94,13.13547859560,0
95,191,1.34846600371,0
95,211,2.78398243141,0
95,247,5.38803049090,0
95,301,2.40373088494,0
96,97,0.31317204340,0
96,98,4.35408129749,0
96,124,0.11176988620,0
96,125,1.20232705371,0
96,126,0.88840724292,0
97,96,0.31317204340,0
97,98,1.79615019754,0
97,99,1.61847038189,0
97,126,0.45976411884,0
97,127,0.01898979961,0
97,218,10.82233244370,0
98,96,4.35408129749,0
98,97,1.79615019754,0
98,99,1.97786819678,0
98,125,2.63590378260,0
99,97,1.61847038189,0
99,98,1.97786819678,0
99,100,1.23786296112,0
99,125,0.23641067660,0
99,218,1.80492907235,0
99,298,2.15555433107,0
100,99,1.23786296112,0
100,218,1.49997042120,0
100,298,2.84387469972,0
100,314,0.11631612223,0
100,315,0.32752496618,0
102,105,3.35431341597,0
102,106,1.65887372191,0
102,107,7.12129638659,0
102,108,1.93107182279,0
102,109,2.12838894192,0
102,133,0.95695155245,0
102,184,2.09547538110,0
102,186,1.57453260591,0
103,106,5.65880509210,0
103,133,0.92082864215,0
103,417,1.87456250785,0
104,105,0.41889229587,0
105,102,3.35431341597,0
105,104,0.41889229587,0
105,108,5.36426149648,0
106,102,1.65887372191,0
106,103,5.65880509210,0
106,107,7.00922895745,0
106,110,0.31201115777,0
106,133,7.10427408521,0
107,102,7.12129638659,0
107,106,7.00922895745,0
107,109,1.34932724441,0
107,110,1.62438935253,0
107,133,0.26434332212,0
107,184,0.23433392459,0
108,102,1.93107182279,0
108,105,5.36426149648,0
108,109,5.60702079641,0
108,110,0.30879039074,0
109,102,2.12838894192,0
109,107,1.34932724441,0
109,108,5.60702079641,0
109,110,4.15312928498,0
109,184,3.85167873629,0
110,106,0.31201115777,0
110,107,1.62438935253,0
110,108,0.30879039074,0
110,109,4.15312928498,0
110,181,0.71850754051,0
110,184,0.13645885200,0
111,112,0.26604847293,0
111,169,0.25487244130,0
111,304,0.38903504384,0
111,307,2.49499542055,0
111,372,1.17187682052,0
111,401,1.65771646811,0
111,402,0.03095690197,0
112,1,0.25805236235,0
112,2,0.70383542166,0
112,6,0.21810313382,0
112,111,0.26604847293,0
112,307,2.98010635931,0
112,401,0.96233084672,0
112,402,0.46207421159,0
113,70,1.47658029775,0
113,71,3.13582360331,0
113,114,4.16525231763,0
113,173,0.40074284513,0
113,295,0.48515901949,0
113,304,2.84765181534,0
114,113,4.16525231763,0
114,173,6.74681439851,0
114,311,0.49734885169,0
115,116,9.76144081896,0
115,225,0.47656023368,0
115,226,12.15724802790,0
116,14,0.27107524188,0
116,18,2.77142305795,0
116,115,9.76144081896,0
116,117,4.24899353693,0
116,118,8.09983107872,0
116,134,1.24078865325,0
116,135,1.01652273051,0
116,225,0.17928821775,0
116,226,1.97198970136,0
117,14,4.97390725276,0
117,116,4.24899353693,0
117,134,7.03911536722,0
117,135,2.06089111776,0
118,18,1.40962719115,0
118,19,1.76468318406,0
118,26,3.50735945860,0
118,35,1.10479445095,0
118,37,1.84214065605,0
118,116,8.09983107872,0
118,226,2.05255813182,0
118,227,3.56887604461,0
119,120,0.94694115109,0
119,121,2.65689921306,0
119,221,0.49320357154,0
119,391,3.37925694292,0
120,119,0.94694115109,0
120,121,2.33838459785,0
120,391,1.48614816624,0
120,392,2.36394674771,0
121,119,2.65689921306,0
121,120,2.33838459785,0
121,221,4.47440328492,0
121,392,2.31772171772,0
122,53,2.61890674505,0
122,123,1.04457452516,0
122,124,1.26764571597,0
122,231,2.59106342477,0
122,233,2.41554660220,0
122,235,0.28083239402,0
123,40,0.44052998205,0
123,45,3.25884677426,0
123,53,2.63678326900,0
123,122,1.04457452516,0
123,124,1.05430665375,0
123,231,0.98289105409,0
124,43,0.06298013295,0
124,44,2.95827614640,0
124,45,3.33546836048,0
124,46,0.66231490761,0
124,47,2.68571581407,0
124,48,2.02554874497,0
124,49,1.72880360747,0
124,50,0.01835426386,0
124,53,0.49998106875,0
124,96,0.11176988620,0
124,122,1.26764571597,0
124,123,1.05430665375,0
124,125,4.15319977128,0
124,126,0.56735199841,0
124,233,0.63059102139,0
125,49,0.47062190802,0
125,96,1.20232705371,0
125,98,2.63590378260,0
125,99,0.23641067660,0
125,124,4.15319977128,0
125,297,0.77654568672,0
125,298,1.16491708069,0
126,96,0.88840724292,0
126,97,0.45976411884,0
126,124,0.56735199841,0
126,127,0.33006153086,0
126,233,0.20564289537,0
126,238,0.62305886926,0
126,242,1.26408795599,0
126,245,0.42910571598,0
127,57,0.09640203362,0
127,97,0.01898979961,0
127,126,0.33006153086,0
127,128,0.41781341606,0
127,218,3.29477785188,0
127,245,0.60870598924,0
127,246,1.98404695469,0
128,57,0.11196574592,0
128,58,1.82560130155,0
128,127,0.41781341606,0
128,129,0.03610651035,0
128,130,0.20754844938,0
128,213,3.23486619558,0
128,218,1.31914906898,0
129,128,0.03610651035,0
129,213,4.89427684677,0
129,319,0.06732049187,0
130,128,0.20754844938,0
130,213,4.11018758307,0
130,319,0.06889347106,0
131,132,3.33066371270,0
131,184,3.40014898289,0
131,185,0.15803308782,0
131,186,15.74501903890,0
131,189,8.63927966185,0
132,131,3.33066371270,0
132,133,6.15745025381,0
132,134,2.50563599483,0
132,135,10.72113464040,0
132,136,3.43393005147,0
132,186,5.80354258482,0
132,189,8.98259611153,0
133,102,0.95695155245,0
133,103,0.92082864215,0
133,106,7.10427408521,0
133,107,0.26434332212,0
133,132,6.15745025381,0
133,136,1.08712899118,0
133,184,0.88426569039,0
133,186,2.31074627457,0
133,412,0.53535283928,0
133,415,0.37127548381,0
133,416,1.41317904927,0
133,417,3.20558903834,0
134,12,9.78039504743,0
134,13,0.20137506784,0
134,14,4.01087981390,0
134,15,0.27498236782,0
134,16,1.62958439722,0
134,17,0.41581479358,0
134,116,1.24078865325,0
134,117,7.03911536722,0
134,132,2.50563599483,0
134,135,21.18433848730,0
134,136,2.17020100481,0
134,189,0.89937346450,0
134,413,3.47493401704,0
135,116,1.01652273051,0
135,117,2.06089111776,0
135,132,10.72113464040,0
135,134,21.18433848730,0
135,136,1.87970299243,0
135,185,2.30285539109,0
135,189,6.08707889120,0
135,225,7.14880389077,0
136,132,3.43393005147,0
136,133,1.08712899118,0
136,134,2.17020100481,0
136,135,1.87970299243,0
136,412,1.42434504206,0
136,413,1.11269129420,0
136,414,2.06088130380,0
137,11,0.42052527479,0
137,138,1.46910198727,0
137,202,1.65645133059,0
137,212,5.85634476743,0
138,137,1.46910198727,0
138,211,7.80732562855,0
138,212,0.16365308020,0
139,140,0.67996897983,0
140,139,0.67996897983,0
140,148,0.89515339211,0
140,149,1.61818639400,0
140,151,0.66034470510,0
140,161,0.05417712526,0
141,142,1.97074313969,0
141,143,4.98667792711,0
141,159,2.69681047805,0
142,141,1.97074313969,0
142,143,4.33568821701,0
143,141,4.98667792711,0
143,142,4.33568821701,0
143,159,0.92337199057,0
143,160,0.28987967567,0
143,196,3.44331364433,0
143,302,1.41960977681,0
144,145,5.30712761930,0
144,174,1.15331717219,0
144,176,0.12083468930,0
144,208,0.70241256475,0
144,209,1.79730462996,0
144,210,0.03097115008,0
144,358,1.71772584703,0
144,359,0.38948939345,0
145,144,5.30712761930,0
145,146,4.24771517925,0
145,174,0.20238368486,0
145,359,0.91692667993,0
145,363,0.34680357511,0
145,368,1.34952506312,0
146,72,2.98429118270,0
146,74,1.10462953514,0
146,145,4.24771517925,0
146,147,0.99080492263,0
146,174,0.48108607422,0
146,194,0.99899559829,0
146,363,1.91308887909,0
147,74,0.79774466197,0
147,146,0.99080492263,0
147,363,2.50174078915,0
147,367,1.42469299954,0
147,368,2.39390156532,0
148,140,0.89515339211,0
148,149,0.58590278507,0
148,204,2.11914237631,0
149,140,1.61818639400,0
149,148,0.58590278507,0
149,150,1.56290010412,0
149,151,1.55664718667,0
149,204,0.59711509102,0
149,214,0.69371130946,0
149,219,0.10789148518,0
150,55,1.52608327239,0
150,59,3.84968347107,0
150,60,0.31872555551,0
150,149,1.56290010412,0
150,151,0.44052557739,0
150,153,1.57897501222,0
150,219,4.64633800145,0
151,140,0.66034470510,0
151,149,1.55664718667,0
151,150,0.44052557739,0
151,153,2.88872251382,0
151,161,1.11089959943,0
151,164,0.21954988751,0
152,60,2.00342163917,0
152,153,3.73595610803,0
152,164,3.29133218718,0
152,365,9.97467831500,0
153,60,0.84158217607,0
153,150,1.57897501222,0
153,151,2.88872251382,0
153,152,3.73595610803,0
153,164,2.03737379365,0
154,322,0.13068113518,0
155,54,3.04337874153,0
155,397,0.88309892943,0
155,398,0.02446346726,0
156,65,2.49341328225,0
156,66,0.88576234396,0
156,158,8.14404118194,0
156,310,6.55645109511,0
157,158,1.50692148897,0
157,192,2.45567005427,0
157,207,8.23579806497,0
157,247,5.79882127578,0
158,66,3.92595150519,0
158,156,8.14404118194,0
158,157,1.50692148897,0
158,207,4.92510891862,0
158,247,0.82068656172,0
158,248,4.62572528404,0
158,309,1.20318691999,0
158,310,2.79658481770,0
159,141,2.69681047805,0
159,143,0.92337199057,0
159,160,5.24199032616,0
159,161,1.37381482157,0
159,162,0.94491525102,0
160,143,0.28987967567,0
160,159,5.24199032616,0
160,161,15.12177573150,0
160,163,0.05379531419,0
160,196,5.35646599548,0
161,140,0.05417712526,0
161,151,1.11089959943,0
161,159,1.37381482157,0
161,160,15.12177573150,0
161,162,9.41133948747,0
161,163,3.12305668171,0
161,164,1.20686696773,0
161,196,2.14405330658,0
162,159,0.94491525102,0
162,161,9.41133948747,0
162,163,0.10728377046,0
162,164,7.49366983385,0
162,165,6.88758291283,0
163,160,0.05379531419,0
163,161,3.12305668171,0
163,162,0.10728377046,0
163,165,2.53288114099,0
163,166,14.89495384260,0
163,196,5.04158348844,0
163,363,3.87167425427,0
164,151,0.21954988751,0
164,152,3.29133218718,0
164,153,2.03737379365,0
164,161,1.20686696773,0
164,162,7.49366983385,0
164,165,2.46945878617,0
164,360,0.07733290032,0
164,365,4.39075961957,0
164,369,0.82829895811,0
165,162,6.88758291283,0
165,163,2.53288114099,0
165,164,2.46945878617,0
165,363,2.72138189171,0
165,369,3.04317676180,0
166,163,14.89495384260,0
166,193,1.42774863188,0
166,195,4.07992988075,0
166,196,2.74962661729,0
166,363,0.34381148582,0
166,364,2.35118817377,0
167,10,2.03272467407,0
167,168,1.04029452232,0
167,418,5.90447535779,0
167,419,0.78665801520,0
168,10,3.16459117365,0
168,11,0.87117425256,0
168,167,1.04029452232,0
168,375,1.32763901010,0
168,376,1.47732146753,0
169,7,0.50672455258,0
169,67,2.16407566523,0
169,111,0.25487244130,0
169,170,4.33496215101,0
169,179,4.96775484297,0
169,182,0.63093709863,0
169,187,4.72685695345,0
169,221,2.26678245157,0
169,229,0.83926697979,0
169,307,0.40565136710,0
169,371,2.42507489633,0
169,372,1.59546885296,0
170,169,4.33496215101,0
170,221,4.42521475158,0
170,371,2.49925707449,0
171,72,2.36912938504,0
171,172,5.88634006469,0
171,174,6.46104384984,0
171,192,8.08323928577,0
171,207,4.52146232978,0
172,72,3.50342284811,0
172,171,5.88634006469,0
172,174,3.45137744263,0
173,113,0.40074284513,0
173,114,6.74681439851,0
173,174,10.84774479510,0
173,304,3.54499626054,0
173,308,2.18385563860,0
173,311,0.08481853501,0
173,390,2.98763252806,0
174,61,2.48531083584,0
174,62,2.86378806847,0
174,63,0.74863299154,0
174,72,6.51515917602,0
174,144,1.15331717219,0
174,145,0.20238368486,0
174,146,0.48108607422,0
174,171,6.46104384984,0
174,172,3.45137744263,0
174,173,10.84774479510,0
174,175,3.35432210092,0
174,176,6.71864553085,0
174,177,4.22066789076,0
174,178,0.79981170073,0
174,206,6.52991609907,0
174,207,1.34101485577,0
174,208,1.01006378541,0
174,209,1.87878722453,0
174,308,1.61257101333,0
174,390,7.52639708798,0
175,174,3.35432210092,0
175,208,0.25437407895,0
176,144,0.12083468930,0
176,174,6.71864553085,0
177,62,0.19210686772,0
177,174,4.22066789076,0
177,178,0.44549774508,0
178,174,0.79981170073,0
178,177,0.44549774508,0
179,67,0.21270769440,0
179,169,4.96775484297,0
179,187,0.93199037218,0
181,110,0.71850754051,0
181,182,0.55890633854,0
181,183,0.36063088967,0
181,184,2.66345283305,0
181,187,1.92427451207,0
181,188,1.25276361721,0
182,169,0.63093709863,0
182,181,0.55890633854,0
182,187,3.55367840129,0
182,188,5.04380831617,0
182,229,0.10738561691,0
182,230,3.50081939311,0
183,181,0.36063088967,0
183,184,0.48472201490,0
183,185,2.85657994951,0
183,188,10.33030957340,0
183,224,0.07132965114,0
183,225,0.28678987420,0
183,226,9.41216719244,0
183,230,0.26760047783,0
184,102,2.09547538110,0
184,107,0.23433392459,0
184,109,3.85167873629,0
184,110,0.13645885200,0
184,131,3.40014898289,0
184,133,0.88426569039,0
184,181,2.66345283305,0
184,183,0.48472201490,0
184,185,1.33618251245,0
184,186,10.18217098060,0
184,188,0.10346872876,0
185,131,0.15803308782,0
185,135,2.30285539109,0
185,183,2.85657994951,0
185,184,1.33618251245,0
185,189,4.00172853866,0
185,225,6.32474468782,0
185,226,2.13780902429,0
186,102,1.57453260591,0
186,131,15.74501903890,0
186,132,5.80354258482,0
186,133,2.31074627457,0
186,184,10.18217098060,0
187,169,4.72685695345,0
187,179,0.93199037218,0
187,181,1.92427451207,0
187,182,3.55367840129,0
187,230,2.38476703490,0
188,181,1.25276361721,0
188,182,5.04380831617,0
188,183,10.33030957340,0
188,184,0.10346872876,0
188,224,0.27218625808,0
188,230,6.22124718876,0
189,131,8.63927966185,0
189,132,8.98259611153,0
189,134,0.89937346450,0
189,135,6.08707889120,0
189,185,4.00172853866,0
191,95,1.34846600371,0
191,192,8.03798700900,0
191,247,7.72794049696,0
191,300,2.92038541490,0
191,301,0.17266474847,0
192,72,3.22333437423,0
192,157,2.45567005427,0
192,171,8.08323928577,0
192,191,8.03798700900,0
192,193,6.50099427975,0
192,194,0.22413858624,0
192,207,0.90225417967,0
192,247,0.63121378414,0
192,300,3.67988676404,0
193,166,1.42774863188,0
193,192,6.50099427975,0
193,194,7.82936077044,0
193,195,2.94883890637,0
193,196,3.09326225130,0
193,300,2.60636888269,0
194,72,4.94118996770,0
194,73,3.66176301083,0
194,74,1.40355756286,0
194,146,0.99899559829,0
194,192,0.22413858624,0
194,193,7.82936077044,0
194,195,1.04795051810,0
195,74,3.57701107803,0
195,166,4.07992988075,0
195,193,2.94883890637,0
195,194,1.04795051810,0
195,363,3.99295136795,0
195,364,1.37796006493,0
196,143,3.44331364433,0
196,160,5.35646599548,0
196,161,2.14405330658,0
196,163,5.04158348844,0
196,166,2.74962661729,0
196,193,3.09326225130,0
196,300,1.45047632521,0
196,301,2.11332413895,0
196,302,2.32556214919,0
197,211,0.66907743517,0
197,301,3.01098053332,0
201,11,7.63351460233,0
201,202,1.41695588073,0
201,375,1.56004962345,0
201,376,1.80684786739,0
202,11,3.09926719733,0
202,137,1.65645133059,0
202,201,1.41695588073,0
202,376,1.08733944914,0
202,408,6.80906870445,0
204,148,2.11914237631,0
204,149,0.59711509102,0
204,214,2.17651040846,0
204,215,0.14685573346,0
205,397,0.55875619984,0
205,400,0.74288288052,0
206,174,6.52991609907,0
206,207,4.54114246941,0
207,157,8.23579806497,0
207,158,4.92510891862,0
207,171,4.52146232978,0
207,174,1.34101485577,0
207,192,0.90225417967,0
207,206,4.54114246941,0
207,308,3.15039439718,0
207,309,0.44000832707,0
208,62,0.09890132580,0
208,63,2.16503731743,0
208,144,0.70241256475,0
208,174,1.01006378541,0
208,175,0.25437407895,0
208,209,2.12611783460,0
208,210,0.21119635031,0
209,144,1.79730462996,0
209,174,1.87878722453,0
209,208,2.12611783460,0
210,62,3.35385269092,0
210,144,0.03097115008,0
210,208,0.21119635031,0
210,358,1.62562350902,0
210,359,0.08895400619,0
211,93,6.46486025177,0
211,94,0.39411335445,0
211,95,2.78398243141,0
211,138,7.80732562855,0
211,197,0.66907743517,0
211,212,3.25665294501,0
211,301,0.03133074317,0
212,10,2.30700765349,0
212,11,4.35214633598,0
212,94,4.91214961725,0
212,137,5.85634476743,0
212,138,0.16365308020,0
212,211,3.25665294501,0
213,58,1.19535296510,0
213,128,3.23486619558,0
213,129,4.89427684677,0
213,130,4.11018758307,0
213,218,2.49855163539,0
213,219,8.59732275629,0
213,314,6.10679230169,0
213,315,1.49654147712,0
213,316,1.72296491613,0
213,318,2.74241562885,0
213,319,3.49296104808,0
214,149,0.69371130946,0
214,204,2.17651040846,0
214,215,1.36987081726,0
214,216,14.34698802750,0
214,217,4.27391981314,0
214,219,0.90405537219,0
214,256,0.65923437479,0
214,316,1.34227900123,0
214,317,2.74876927797,0
214,318,2.18795352331,0
214,319,3.81528348612,0
215,204,0.14685573346,0
215,214,1.36987081726,0
215,253,0.16642418964,0
215,256,0.97219262221,0
216,214,14.34698802750,0
216,217,5.36700216659,0
216,255,0.70995036280,0
216,256,1.39656513184,0
216,318,0.23052398670,0
217,214,4.27391981314,0
217,216,5.36700216659,0
217,254,1.32927890870,0
217,255,0.33655125029,0
217,256,0.41336161926,0
217,317,0.47722488801,0
217,404,4.67312345118,0
217,405,0.99782878616,0
217,406,1.42191694875,0
217,407,1.98158137705,0
218,97,10.82233244370,0
218,99,1.80492907235,0
218,100,1.49997042120,0
218,127,3.29477785188,0
218,128,1.31914906898,0
218,213,2.49855163539,0
218,314,4.78529780480,0
218,315,0.03114497395,0
219,55,0.81532889534,0
219,58,0.37357172032,0
219,149,0.10789148518,0
219,150,4.64633800145,0
219,213,8.59732275629,0
219,214,0.90405537219,0
219,319,0.11389949304,0
220,221,7.73535365138,0
221,119,0.49320357154,0
221,121,4.47440328492,0
221,169,2.26678245157,0
221,170,4.42521475158,0
221,220,7.73535365138,0
221,222,6.66072941108,0
221,228,14.09730639330,0
221,229,16.52451519850,0
221,230,4.63122695496,0
221,370,0.48565510422,0
221,371,3.33864424730,0
221,391,0.10766758995,0
221,392,2.75100255158,0
222,75,5.05584179204,0
222,76,0.55775318112,0
222,78,1.16360631368,0
222,221,6.66072941108,0
222,223,4.98792714359,0
222,230,1.27299600318,0
222,392,0.35862228566,0
223,76,3.40999431877,0
223,78,3.50226994880,0
223,79,5.19010164768,0
223,222,4.98792714359,0
223,224,6.25726999375,0
223,230,8.16677818288,0
224,77,0.76541508966,0
224,79,0.51808354320,0
224,183,0.07132965114,0
224,188,0.27218625808,0
224,223,6.25726999375,0
224,226,7.57645414361,0
224,230,1.77792519482,0
225,115,0.47656023368,0
225,116,0.17928821775,0
225,135,7.14880389077,0
225,183,0.28678987420,0
225,185,6.32474468782,0
225,226,2.28578261622,0
226,77,6.67410949976,0
226,115,12.15724802790,0
226,116,1.97198970136,0
226,118,2.05255813182,0
226,183,9.41216719244,0
226,185,2.13780902429,0
226,224,7.57645414361,0
226,225,2.28578261622,0
226,227,13.60028734050,0
227,37,4.40881878064,0
227,77,3.95590731026,0
227,79,0.55942812271,0
227,118,3.56887604461,0
227,226,13.60028734050,0
227,234,3.86578750409,0
227,235,0.21164328971,0
227,236,9.03871628725,0
227,238,0.76157833461,0
227,239,13.92134909350,0
227,240,0.13948940254,0
228,221,14.09730639330,0
228,229,0.97667653459,0
228,230,2.57718492473,0
229,169,0.83926697979,0
229,182,0.10738561691,0
229,221,16.52451519850,0
229,228,0.97667653459,0
229,230,1.22383002452,0
230,182,3.50081939311,0
230,183,0.26760047783,0
230,187,2.38476703490,0
230,188,6.22124718876,0
230,221,4.63122695496,0
230,222,1.27299600318,0
230,223,8.16677818288,0
230,224,1.77792519482,0
230,228,2.57718492473,0
230,229,1.22383002452,0
231,37,0.43786981768,0
231,40,1.14784954865,0
231,122,2.59106342477,0
231,123,0.98289105409,0
231,232,9.26943103400,0
231,233,0.85748573422,0
231,235,0.18776587459,0
232,37,7.51016792802,0
232,231,9.26943103400,0
232,233,9.33070888246,0
233,37,0.46148922696,0
233,122,2.41554660220,0
233,124,0.63059102139,0
233,126,0.20564289537,0
233,231,0.85748573422,0
233,232,9.33070888246,0
233,234,1.45562533843,0
233,235,9.13863324170,0
233,242,1.51210690459,0
234,37,7.35146407233,0
234,227,3.86578750409,0
234,233,1.45562533843,0
234,235,1.74435017127,0
235,122,0.28083239402,0
235,227,0.21164328971,0
235,231,0.18776587459,0
235,233,9.13863324170,0
235,234,1.74435017127,0
235,236,4.14137722962,0
235,237,0.38123103754,0
235,238,7.93869949426,0
235,242,2.08360828192,0
236,227,9.03871628725,0
236,235,4.14137722962,0
236,238,5.82580441813,0
236,239,0.00113044758,0
237,235,0.38123103754,0
237,238,10.70688977570,0
237,241,5.15048711409,0
237,242,0.31416227680,0
237,243,1.31319818748,0
237,244,1.67046050326,0
237,245,1.75861806304,0
238,126,0.62305886926,0
238,227,0.76157833461,0
238,235,7.93869949426,0
238,236,5.82580441813,0
238,237,10.70688977570,0
238,239,6.73174031275,0
238,240,2.18142903264,0
238,241,1.04037167149,0
238,242,2.02030792513,0
238,243,2.19718105503,0
238,245,0.02881365752,0
239,79,3.29065965453,0
239,227,13.92134909350,0
239,236,0.00113044758,0
239,238,6.73174031275,0
239,240,3.34080259250,0
240,76,0.57471834716,0
240,79,4.14042485133,0
240,82,4.50579849186,0
240,84,0.77439679490,0
240,227,0.13948940254,0
240,238,2.18142903264,0
240,239,3.34080259250,0
240,241,1.57697810946,0
241,84,1.06462872674,0
241,85,7.03540479692,0
241,86,0.17601602131,0
241,237,5.15048711409,0
241,238,1.04037167149,0
241,240,1.57697810946,0
241,244,1.99640559993,0
242,126,1.26408795599,0
242,233,1.51210690459,0
242,235,2.08360828192,0
242,237,0.31416227680,0
242,238,2.02030792513,0
242,243,0.79771677457,0
243,237,1.31319818748,0
243,238,2.19718105503,0
243,242,0.79771677457,0
244,56,1.66182848447,0
244,58,0.75863874143,0
244,86,2.54970004239,0
244,237,1.67046050326,0
244,241,1.99640559993,0
244,245,0.92139707081,0
244,246,1.07666365123,0
245,126,0.42910571598,0
245,127,0.60870598924,0
245,237,1.75861806304,0
245,238,0.02881365752,0
245,244,0.92139707081,0
245,246,0.71148362852,0
246,57,0.34906263104,0
246,58,1.11631860599,0
246,127,1.98404695469,0
246,244,1.07666365123,0
246,245,0.71148362852,0
247,94,2.32189938734,0
247,95,5.38803049090,0
247,157,5.79882127578,0
247,158,0.82068656172,0
247,191,7.72794049696,0
247,192,0.63121378414,0
247,248,3.62418079193,0
247,419,8.47549609024,0
248,66,0.73157490415,0
248,158,4.62572528404,0
248,247,3.62418079193,0
248,418,1.15346381762,0
248,419,3.93546261459,0
249,42,1.27442668706,0
249,43,4.54469521049,0
249,46,0.74243625879,0
249,250,1.18261665620,0
249,266,0.67985531270,0
249,268,0.27507345525,0
249,270,0.49523718343,0
249,271,2.17341488242,0
250,46,1.00041076726,0
250,249,1.18261665620,0
250,252,0.46286748662,0
250,263,0.17316239801,0
250,266,0.22956312956,0
250,272,0.49887326604,0
250,273,0.20955855185,0
251,46,0.37345237953,0
251,50,0.61284222609,0
251,252,1.10955623060,0
252,46,1.49171652832,0
252,50,2.03085766257,0
252,51,0.10485973775,0
252,250,0.46286748662,0
252,251,1.10955623060,0
252,259,1.37605696834,0
252,272,2.35877747163,0
252,289,0.30665351892,0
252,378,0.10792096213,0
253,215,0.16642418964,0
253,254,0.94976980553,0
253,255,1.35637455769,0
253,256,0.37117511162,0
253,374,0.69846371352,0
254,217,1.32927890870,0
254,253,0.94976980553,0
254,255,0.88637317557,0
254,324,0.01252714370,0
254,373,2.58198392700,0
254,374,1.25473390891,0
254,407,3.38138482757,0
255,216,0.70995036280,0
255,217,0.33655125029,0
255,253,1.35637455769,0
255,254,0.88637317557,0
255,256,0.71408472982,0
255,374,0.19257301628,0
256,214,0.65923437479,0
256,215,0.97219262221,0
256,216,1.39656513184,0
256,217,0.41336161926,0
256,253,0.37117511162,0
256,255,0.71408472982,0
257,260,0.15970424679,0
257,265,0.66761228275,0
257,269,0.98087587148,0
257,272,1.02842001327,0
257,273,0.27344910942,0
258,262,0.10293709626,0
258,266,0.39490055026,0
258,270,0.29443543608,0
259,252,1.37605696834,0
259,260,0.34081561303,0
259,272,0.15387502924,0
259,284,2.78752615936,0
259,285,0.13092414734,0
259,286,0.37309639758,0
259,287,1.96981178804,0
259,289,0.90001610478,0
260,257,0.15970424679,0
260,259,0.34081561303,0
260,261,0.36902817972,0
260,263,0.35144475553,0
260,264,0.04423831757,0
260,265,0.15675659643,0
260,269,0.45487849538,0
260,272,0.03798678007,0
260,275,0.29322680685,0
260,281,0.44414564050,0
260,284,2.10406237830,0
261,260,0.36902817972,0
261,263,0.20285719233,0
261,264,0.26034938166,0
261,274,0.31692449666,0
261,275,0.15801712305,0
261,279,0.18189218447,0
261,294,1.70232806030,0
262,258,0.10293709626,0
262,263,0.36920244518,0
262,266,0.42411054911,0
262,267,0.61204235156,0
262,268,0.26021093060,0
262,270,0.14522191627,0
263,250,0.17316239801,0
263,260,0.35144475553,0
263,261,0.20285719233,0
263,262,0.36920244518,0
263,265,0.71818622314,0
263,266,0.82015736834,0
263,267,0.58236840299,0
263,273,0.51551807488,0
263,274,1.00445667109,0
264,260,0.04423831757,0
264,261,0.26034938166,0
264,275,0.08066870095,0
264,279,0.35684211631,0
264,281,0.34420880609,0
265,257,0.66761228275,0
265,260,0.15675659643,0
265,263,0.71818622314,0
265,273,0.20824431122,0
266,249,0.67985531270,0
266,250,0.22956312956,0
266,258,0.39490055026,0
266,262,0.42411054911,0
266,263,0.82015736834,0
266,270,0.02815737776,0
267,262,0.61204235156,0
267,263,0.58236840299,0
267,268,0.42342875259,0
267,274,0.45314235159,0
267,276,0.34376572300,0
267,278,0.62123966552,0
267,293,0.76206245882,0
267,294,0.81891759526,0
268,249,0.27507345525,0
268,262,0.26021093060,0
268,267,0.42342875259,0
268,270,0.04572348855,0
268,271,1.01928778417,0
268,293,0.09756695928,0
269,257,0.98087587148,0
269,260,0.45487849538,0
269,272,0.24721411017,0
270,249,0.49523718343,0
270,258,0.29443543608,0
270,262,0.14522191627,0
270,266,0.02815737776,0
270,268,0.04572348855,0
271,42,0.09134959718,0
271,249,2.17341488242,0
271,268,1.01928778417,0
271,277,0.62409080799,0
271,293,0.48322760416,0
272,250,0.49887326604,0
272,252,2.35877747163,0
272,257,1.02842001327,0
272,259,0.15387502924,0
272,260,0.03798678007,0
272,269,0.24721411017,0
272,273,0.21949223970,0
273,250,0.20955855185,0
273,257,0.27344910942,0
273,263,0.51551807488,0
273,265,0.20824431122,0
273,272,0.21949223970,0
274,261,0.31692449666,0
274,263,1.00445667109,0
274,267,0.45314235159,0
274,294,0.12025167938,0
275,260,0.29322680685,0
275,261,0.15801712305,0
275,264,0.08066870095,0
276,267,0.34376572300,0
276,277,0.17862626162,0
276,278,1.14265653480,0
276,293,0.55742268335,0
277,42,0.10631092981,0
277,271,0.62409080799,0
277,276,0.17862626162,0
277,278,0.12433432056,0
277,293,0.56815214599,0
277,354,1.38107025749,0
278,267,0.62123966552,0
278,276,1.14265653480,0
278,277,0.12433432056,0
278,279,1.30267404683,0
278,281,0.27593973955,0
278,294,0.29182964720,0
278,354,0.05803423296,0
278,355,1.55739461099,0
279,261,0.18189218447,0
279,264,0.35684211631,0
279,278,1.30267404683,0
279,281,0.77936333875,0
279,294,0.32231845351,0
280,281,0.04604937574,0
280,355,0.62158278090,0
280,356,0.12381592901,0
281,260,0.44414564050,0
281,264,0.34420880609,0
281,278,0.27593973955,0
281,279,0.77936333875,0
281,280,0.04604937574,0
281,282,2.55853033127,0
281,284,0.14103748493,0
281,355,0.43155918956,0
282,281,2.55853033127,0
282,283,0.06885479335,0
282,284,0.09492675477,0
282,285,1.98924009338,0
282,286,1.93167825531,0
282,287,0.24118992991,0
282,292,0.61640437976,0
283,282,0.06885479335,0
283,284,0.46184465212,0
283,285,0.37165784222,0
284,259,2.78752615936,0
284,260,2.10406237830,0
284,281,0.14103748493,0
284,282,0.09492675477,0
284,283,0.46184465212,0
284,285,0.21829051557,0
285,259,0.13092414734,0
285,282,1.98924009338,0
285,283,0.37165784222,0
285,284,0.21829051557,0
285,286,0.06407233925,0
286,259,0.37309639758,0
286,282,1.93167825531,0
286,285,0.06407233925,0
286,287,0.76441597101,0
287,259,1.96981178804,0
287,282,0.24118992991,0
287,286,0.76441597101,0
287,288,2.39519443386,0
287,289,0.38103566209,0
287,291,1.43415414353,0
287,292,1.59088240823,0
288,287,2.39519443386,0
288,289,1.12099215310,0
289,252,0.30665351892,0
289,259,0.90001610478,0
289,287,0.38103566209,0
289,288,1.12099215310,0
289,290,1.67411001605,0
289,291,0.40759602517,0
289,378,0.17067768680,0
290,289,1.67411001605,0
290,291,0.13488432352,0
290,378,1.12887390580,0
291,287,1.43415414353,0
291,289,0.40759602517,0
291,290,0.13488432352,0
291,292,0.73520737189,0
291,378,1.22688897088,0
292,282,0.61640437976,0
292,287,1.59088240823,0
292,291,0.73520737189,0
292,378,0.93519330872,0
293,267,0.76206245882,0
293,268,0.09756695928,0
293,271,0.48322760416,0
293,276,0.55742268335,0
293,277,0.56815214599,0
294,261,1.70232806030,0
294,267,0.81891759526,0
294,274,0.12025167938,0
294,278,0.29182964720,0
294,279,0.32231845351,0
295,69,4.50541409385,0
295,71,1.43227626033,0
295,113,0.48515901949,0
295,296,4.08486760247,0
296,69,2.65635299493,0
296,295,4.08486760247,0
296,401,0.23263057957,0
297,9,0.11331760431,0
297,49,0.38237066587,0
297,52,2.47896741375,0
297,125,0.77654568672,0
297,298,7.29057095870,0
297,299,0.67524667057,0
297,316,0.31505450775,0
297,317,14.87012485810,0
297,329,8.62880691727,0
297,332,1.61271899762,0
297,335,1.02815350631,0
297,338,1.31409113776,0
297,339,2.32152746629,0
297,340,4.71859587292,0
297,343,0.14183224198,0
297,377,0.59275647149,0
297,379,0.51594981493,0
297,405,0.07033484688,0
298,99,2.15555433107,0
298,100,2.84387469972,0
298,125,1.16491708069,0
298,297,7.29057095870,0
298,315,2.52210781093,0
298,316,0.68251334192,0
299,297,0.67524667057,0
299,343,1.00283076344,0
299,379,2.05271157339,0
300,191,2.92038541490,0
300,192,3.67988676404,0
300,193,2.60636888269,0
300,196,1.45047632521,0
300,301,8.47481276432,0
301,93,5.00899146462,0
301,95,2.40373088494,0
301,191,0.17266474847,0
301,196,2.11332413895,0
301,197,3.01098053332,0
301,211,0.03133074317,0
301,300,8.47481276432,0
301,302,1.57036747197,0
302,143,1.41960977681,0
302,196,2.32556214919,0
302,301,1.57036747197,0
303,70,4.95727708035,0
303,304,7.58421384223,0
303,401,3.98390842841,0
303,403,0.28001429545,0
304,70,2.16948201924,0
304,111,0.38903504384,0
304,113,2.84765181534,0
304,173,3.54499626054,0
304,303,7.58421384223,0
304,305,2.01322901737,0
304,306,1.73917492949,0
304,370,0.09093027508,0
304,371,0.34653444640,0
304,372,1.87191812560,0
304,390,4.02639965455,0
304,401,1.73949176581,0
305,304,2.01322901737,0
305,401,3.00501007572,0
306,304,1.73917492949,0
306,370,1.87368051082,0
306,390,0.39876205119,0
307,6,2.65213807606,0
307,7,0.77701391617,0
307,111,2.49499542055,0
307,112,2.98010635931,0
307,169,0.40565136710,0
308,173,2.18385563860,0
308,174,1.61257101333,0
308,207,3.15039439718,0
308,309,12.30453867490,0
308,310,1.64048379498,0
308,311,14.71526525690,0
309,158,1.20318691999,0
309,207,0.44000832707,0
309,308,12.30453867490,0
309,310,9.01719906553,0
310,65,1.19547087448,0
310,156,6.55645109511,0
310,158,2.79658481770,0
310,308,1.64048379498,0
310,309,9.01719906553,0
310,311,2.97602965318,0
311,65,1.25248493286,0
311,114,0.49734885169,0
311,173,0.08481853501,0
311,308,14.71526525690,0
311,310,2.97602965318,0
314,100,0.11631612223,0
314,213,6.10679230169,0
314,218,4.78529780480,0
314,315,3.54863584487,0
315,100,0.32752496618,0
315,213,1.49654147712,0
315,218,0.03114497395,0
315,298,2.52210781093,0
315,314,3.54863584487,0
315,316,2.90327762424,0
315,318,0.07559533410,0
316,213,1.72296491613,0
316,214,1.34227900123,0
316,297,0.31505450775,0
316,298,0.68251334192,0
316,315,2.90327762424,0
316,317,5.64893644656,0
316,318,0.15436383115,0
317,214,2.74876927797,0
317,217,0.47722488801,0
317,297,14.87012485810,0
317,316,5.64893644656,0
317,329,0.30919210497,0
317,373,0.00996606935,0
317,404,12.12091619710,0
317,405,6.86040444536,0
318,213,2.74241562885,0
318,214,2.18795352331,0
318,216,0.23052398670,0
318,315,0.07559533410,0
318,316,0.15436383115,0
318,319,0.28302932042,0
319,129,0.06732049187,0
319,130,0.06889347106,0
319,213,3.49296104808,0
319,214,3.81528348612,0
319,219,0.11389949304,0
319,318,0.28302932042,0
322,154,0.13068113518,0
322,325,2.09473912765,0
322,328,5.65096441697,0
322,331,5.99894839852,0
322,373,0.85339752399,0
323,324,0.71098036592,0
323,330,2.09242025684,0
323,373,2.96356993646,0
324,254,0.01252714370,0
324,323,0.71098036592,0
324,330,0.07265485605,0
324,373,4.14503293249,0
325,322,2.09473912765,0
325,326,7.79384264990,0
325,328,0.44542544375,0
326,8,3.29165836460,0
326,9,0.32814784160,0
326,325,7.79384264990,0
326,327,1.80868151613,0
326,328,3.32063632969,0
326,329,1.67594825533,0
326,333,1.20561428143,0
326,341,5.64421893079,0
326,342,3.98738659749,0
327,326,1.80868151613,0
327,333,0.04984660683,0
327,388,0.70010930163,0
327,389,0.37997438588,0
328,8,0.56811377749,0
328,9,17.51451021360,0
328,322,5.65096441697,0
328,325,0.44542544375,0
328,326,3.32063632969,0
328,329,1.23252244372,0
328,331,0.06687049266,0
328,373,0.75544110241,0
328,405,0.03625365377,0
329,8,6.66954164693,0
329,9,22.94345838670,0
329,297,8.62880691727,0
329,317,0.30919210497,0
329,326,1.67594825533,0
329,328,1.23252244372,0
329,340,0.89923431632,0
329,405,9.64177560639,0
330,323,2.09242025684,0
330,324,0.07265485605,0
331,322,5.99894839852,0
331,328,0.06687049266,0
332,8,2.92505739126,0
332,297,1.61271899762,0
332,335,1.31146617856,0
332,340,0.97295002350,0
332,342,1.26990592378,0
333,326,1.20561428143,0
333,327,0.04984660683,0
333,334,0.57138133571,0
333,335,0.35906796260,0
333,341,0.11884938713,0
333,342,0.85261822685,0
333,384,1.74395690827,0
333,388,1.23837287895,0
334,333,0.57138133571,0
334,335,0.31810855149,0
334,336,0.56752736117,0
334,337,0.16032991826,0
334,384,1.17610007831,0
335,297,1.02815350631,0
335,332,1.31146617856,0
335,333,0.35906796260,0
335,334,0.31810855149,0
335,336,0.85064608284,0
335,338,0.14773522995,0
335,342,0.62950957919,0
336,334,0.56752736117,0
336,335,0.85064608284,0
336,337,0.88085095905,0
336,338,0.20500442937,0
337,334,0.16032991826,0
337,336,0.88085095905,0
337,338,0.33225491707,0
337,339,0.97972364610,0
337,379,0.01697888886,0
337,384,0.52699393397,0
338,297,1.31409113776,0
338,335,0.14773522995,0
338,336,0.20500442937,0
338,337,0.33225491707,0
338,339,0.63673860851,0
339,297,2.32152746629,0
339,337,0.97972364610,0
339,338,0.63673860851,0
339,343,1.01600091055,0
339,379,0.06846777832,0
340,8,5.83569416161,0
340,297,4.71859587292,0
340,329,0.89923431632,0
340,332,0.97295002350,0
341,326,5.64421893079,0
341,333,0.11884938713,0
341,342,4.53117676716,0
342,8,3.14812692849,0
342,326,3.98738659749,0
342,332,1.26990592378,0
342,333,0.85261822685,0
342,335,0.62950957919,0
342,341,4.53117676716,0
343,297,0.14183224198,0
343,299,1.00283076344,0
343,339,1.01600091055,0
343,379,0.77677447843,0
344,25,0.02621839097,0
344,29,3.47484823595,0
344,348,0.74180523160,0
344,350,1.60307795609,0
344,351,0.99675440615,0
345,42,0.94611558874,0
345,346,1.05433295908,0
345,348,1.03197786500,0
345,349,0.44521832212,0
345,353,3.74352524920,0
346,345,1.05433295908,0
346,347,5.84698416792,0
346,348,0.98383908524,0
346,350,0.75472750969,0
346,353,1.71715594402,0
347,346,5.84698416792,0
347,350,0.34409235491,0
347,352,0.24465906042,0
348,29,0.62262074857,0
348,33,0.06614788309,0
348,344,0.74180523160,0
348,345,1.03197786500,0
348,346,0.98383908524,0
348,349,1.95983038318,0
348,350,1.99472748079,0
349,33,1.57465315597,0
349,42,1.26447667771,0
349,345,0.44521832212,0
349,348,1.95983038318,0
350,344,1.60307795609,0
350,346,0.75472750969,0
350,347,0.34409235491,0
350,348,1.99472748079,0
350,351,2.66713039646,0
350,352,0.58675078650,0
351,344,0.99675440615,0
351,350,2.66713039646,0
351,352,0.43108285385,0
352,347,0.24465906042,0
352,350,0.58675078650,0
352,351,0.43108285385,0
353,42,1.36971330716,0
353,345,3.74352524920,0
353,346,1.71715594402,0
353,354,1.51705304876,0
353,356,1.78714156601,0
354,42,0.16785912382,0
354,277,1.38107025749,0
354,278,0.05803423296,0
354,353,1.51705304876,0
354,355,1.02564432925,0
354,356,0.22999077253,0
355,278,1.55739461099,0
355,280,0.62158278090,0
355,281,0.43155918956,0
355,354,1.02564432925,0
355,356,2.72062136471,0
356,280,0.12381592901,0
356,353,1.78714156601,0
356,354,0.22999077253,0
356,355,2.72062136471,0
358,144,1.71772584703,0
358,210,1.62562350902,0
358,359,1.75045508093,0
359,62,1.28447295488,0
359,64,0.26647782171,0
359,75,4.95891541151,0
359,76,6.64546008386,0
359,78,3.46791489756,0
359,144,0.38948939345,0
359,145,0.91692667993,0
359,210,0.08895400619,0
359,358,1.75045508093,0
359,360,8.86583003009,0
359,367,2.73519506964,0
359,368,4.28400698055,0
360,76,5.33780477416,0
360,78,4.02685907446,0
360,79,3.38752990235,0
360,80,0.58599828890,0
360,164,0.07733290032,0
360,359,8.86583003009,0
360,361,3.27950361640,0
360,362,1.74614481891,0
360,364,0.91538598930,0
360,365,2.31154654183,0
360,367,0.49017292095,0
360,369,0.16359191083,0
361,360,3.27950361640,0
361,364,6.18100898149,0
361,366,1.93442886200,0
361,369,8.93942593483,0
362,55,0.82806606113,0
362,56,0.13016071700,0
362,58,5.26452749528,0
362,60,0.78021704429,0
362,76,13.24589916020,0
362,79,0.10260365579,0
362,80,17.49213407500,0
362,83,0.02123739986,0
362,85,3.23878279897,0
362,86,0.67684375920,0
362,360,1.74614481891,0
362,365,7.89123088191,0
363,74,0.98241640053,0
363,145,0.34680357511,0
363,146,1.91308887909,0
363,147,2.50174078915,0
363,163,3.87167425427,0
363,165,2.72138189171,0
363,166,0.34381148582,0
363,195,3.99295136795,0
363,364,12.84148483700,0
363,367,0.64782822973,0
363,368,0.32798173842,0
363,369,6.26061766425,0
364,166,2.35118817377,0
364,195,1.37796006493,0
364,360,0.91538598930,0
364,361,6.18100898149,0
364,363,12.84148483700,0
364,366,1.41338200840,0
364,367,3.98946977649,0
364,369,10.01041185880,0
365,60,0.10736618607,0
365,80,0.66160138711,0
365,152,9.97467831500,0
365,164,4.39075961957,0
365,360,2.31154654183,0
365,362,7.89123088191,0
366,361,1.93442886200,0
366,364,1.41338200840,0
366,369,0.33468921601,0
367,147,1.42469299954,0
367,359,2.73519506964,0
367,360,0.49017292095,0
367,363,0.64782822973,0
367,364,3.98946977649,0
367,368,3.70502724267,0
368,145,1.34952506312,0
368,147,2.39390156532,0
368,359,4.28400698055,0
368,363,0.32798173842,0
368,367,3.70502724267,0
369,164,0.82829895811,0
369,165,3.04317676180,0
369,360,0.16359191083,0
369,361,8.93942593483,0
369,363,6.26061766425,0
369,364,10.01041185880,0
369,366,0.33468921601,0
370,221,0.48565510422,0
370,304,0.09093027508,0
370,306,1.87368051082,0
370,371,1.90216590896,0
370,390,2.29565825371,0
370,391,0.27015402863,0
371,169,2.42507489633,0
371,170,2.49925707449,0
371,221,3.33864424730,0
371,304,0.34653444640,0
371,370,1.90216590896,0
371,372,3.79335159866,0
372,111,1.17187682052,0
372,169,1.59546885296,0
372,304,1.87191812560,0
372,371,3.79335159866,0
373,254,2.58198392700,0
373,317,0.00996606935,0
373,322,0.85339752399,0
373,323,2.96356993646,0
373,324,4.14503293249,0
373,328,0.75544110241,0
373,404,4.82164330885,0
373,405,14.77226864870,0
373,406,0.55362707921,0
373,407,4.28190843438,0
374,253,0.69846371352,0
374,254,1.25473390891,0
374,255,0.19257301628,0
375,11,0.65612302996,0
375,168,1.32763901010,0
375,201,1.56004962345,0
375,376,2.46661247237,0
376,168,1.47732146753,0
376,201,1.80684786739,0
376,202,1.08733944914,0
376,375,2.46661247237,0
377,49,0.82972325477,0
377,51,1.07817780375,0
377,297,0.59275647149,0
377,378,1.30726987340,0
377,379,2.97940046755,0
377,380,0.14150100696,0
378,51,0.58216952208,0
378,252,0.10792096213,0
378,289,0.17067768680,0
378,290,1.12887390580,0
378,291,1.22688897088,0
378,292,0.93519330872,0
378,377,1.30726987340,0
378,380,1.04062920647,0
378,381,0.58098057718,0
379,297,0.51594981493,0
379,299,2.05271157339,0
379,337,0.01697888886,0
379,339,0.06846777832,0
379,343,0.77677447843,0
379,377,2.97940046755,0
379,380,1.25725617431,0
379,383,0.44579015514,0
379,384,1.08077389323,0
380,377,0.14150100696,0
380,378,1.04062920647,0
380,379,1.25725617431,0
380,381,0.28398267728,0
380,382,0.63088916535,0
380,383,0.81690392245,0
381,378,0.58098057718,0
381,380,0.28398267728,0
381,382,0.61032972352,0
382,380,0.63088916535,0
382,381,0.61032972352,0
382,383,1.31098721430,0
382,385,0.18809405531,0
383,379,0.44579015514,0
383,380,0.81690392245,0
383,382,1.31098721430,0
383,384,0.59681058870,0
383,385,1.00151881984,0
384,333,1.74395690827,0
384,334,1.17610007831,0
384,337,0.52699393397,0
384,379,1.08077389323,0
384,383,0.59681058870,0
384,385,0.08558423706,0
384,386,0.85715893462,0
384,388,0.43542957768,0
385,382,0.18809405531,0
385,383,1.00151881984,0
385,384,0.08558423706,0
385,386,0.30558795502,0
385,387,0.36134452521,0
386,384,0.85715893462,0
386,385,0.30558795502,0
386,387,0.95304785666,0
386,388,0.49398252486,0
387,385,0.36134452521,0
387,386,0.95304785666,0
387,388,0.73218937643,0
387,389,0.21767845735,0
388,327,0.70010930163,0
388,333,1.23837287895,0
388,384,0.43542957768,0
388,386,0.49398252486,0
388,387,0.73218937643,0
388,389,0.72717179244,0
389,327,0.37997438588,0
389,387,0.21767845735,0
389,388,0.72717179244,0
390,61,4.93029317945,0
390,173,2.98763252806,0
390,174,7.52639708798,0
390,304,4.02639965455,0
390,306,0.39876205119,0
390,370,2.29565825371,0
390,391,3.03916526954,0
391,61,0.89264635522,0
391,119,3.37925694292,0
391,120,1.48614816624,0
391,221,0.10766758995,0
391,370,0.27015402863,0
391,390,3.03916526954,0
391,392,0.67031704176,0
392,61,0.59454042186,0
392,62,0.80224617320,0
392,64,0.84303699308,0
392,75,1.02778753939,0
392,120,2.36394674771,0
392,121,2.31772171772,0
392,221,2.75100255158,0
392,222,0.35862228566,0
392,391,0.67031704176,0
393,396,1.25919514675,0
393,397,3.38830088020,0
393,398,0.78270749014,0
393,399,1.20790760355,0
393,400,3.04086899040,0
395,1,0.14741229177,0
396,54,1.83342080157,0
396,393,1.25919514675,0
396,397,1.17861869446,0
396,398,1.48948045399,0
397,54,0.08974709510,0
397,155,0.88309892943,0
397,205,0.55875619984,0
397,393,3.38830088020,0
397,396,1.17861869446,0
397,400,0.40026137490,0
398,54,0.28118320229,0
398,155,0.02446346726,0
398,393,0.78270749014,0
398,396,1.48948045399,0
398,399,1.60247144636,0
399,393,1.20790760355,0
399,398,1.60247144636,0
399,400,1.78897153902,0
400,205,0.74288288052,0
400,393,3.04086899040,0
400,397,0.40026137490,0
400,399,1.78897153902,0
401,69,1.72252326544,0
401,70,0.83017199131,0
401,111,1.65771646811,0
401,112,0.96233084672,0
401,296,0.23263057957,0
401,303,3.98390842841,0
401,304,1.73949176581,0
401,305,3.00501007572,0
401,402,1.46044271740,0
401,403,4.56568826807,0
402,111,0.03095690197,0
402,112,0.46207421159,0
402,401,1.46044271740,0
403,303,0.28001429545,0
403,401,4.56568826807,0
404,217,4.67312345118,0
404,317,12.12091619710,0
404,373,4.82164330885,0
404,405,3.98512165331,0
405,217,0.99782878616,0
405,297,0.07033484688,0
405,317,6.86040444536,0
405,328,0.03625365377,0
405,329,9.64177560639,0
405,373,14.77226864870,0
405,404,3.98512165331,0
405,406,0.01176116585,0
406,217,1.42191694875,0
406,373,0.55362707921,0
406,405,0.01176116585,0
406,407,2.87647460199,0
407,217,1.98158137705,0
407,254,3.38138482757,0
407,373,4.28190843438,0
407,406,2.87647460199,0
408,202,6.80906870445,0
409,12,0.38765724539,0
409,410,0.06382097313,0
409,413,5.49397905147,0
409,414,1.90572463796,0
410,409,0.06382097313,0
410,411,0.50745473415,0
410,412,0.04217025415,0
410,414,2.09795537726,0
410,415,1.92002785062,0
411,410,0.50745473415,0
411,412,0.02519967072,0
411,415,5.43431338523,0
411,416,1.08632103689,0
412,133,0.53535283928,0
412,136,1.42434504206,0
412,410,0.04217025415,0
412,411,0.02519967072,0
412,414,0.91218846828,0
412,415,6.06455439407,0
413,12,0.36763843351,0
413,134,3.47493401704,0
413,136,1.11269129420,0
413,409,5.49397905147,0
413,414,0.12643668206,0
414,136,2.06088130380,0
414,409,1.90572463796,0
414,410,2.09795537726,0
414,412,0.91218846828,0
414,413,0.12643668206,0
414,415,0.75822046602,0
415,133,0.37127548381,0
415,410,1.92002785062,0
415,411,5.43431338523,0
415,412,6.06455439407,0
415,414,0.75822046602,0
415,416,0.50176913976,0
416,133,1.41317904927,0
416,411,1.08632103689,0
416,415,0.50176913976,0
416,417,1.07554388004,0
417,103,1.87456250785,0
417,133,3.20558903834,0
417,416,1.07554388004,0
418,66,3.62723188993,0
418,167,5.90447535779,0
418,248,1.15346381762,0
418,419,0.95725331510,0
419,10,5.88394600032,0
419,94,2.73541858255,0
419,167,0.78665801520,0
419,247,8.47549609024,0
419,248,3.93546261459,0
419,418,0.95725331510,0
